Property_id,rent
4394,425.0
2338,425.0
8531,425.0
8952,425.0
11064,425.0
10336,425.0
12954,425.0
219,425.0
1599,425.0
7572,425.0
170,425.0
6658,425.0
3616,425.0
7772,425.0
1214,425.0
8197,425.0
9892,425.0
1635,425.0
7403,425.0
4468,425.0
13081,425.0
13917,425.0
4049,425.0
2145,425.0
2125,425.0
1580,425.0
3828,425.0
10858,425.0
2999,425.0
3834,425.0
11267,425.0
11904,425.0
5514,425.0
8697,425.0
3466,425.0
8217,425.0
4230,425.0
10598,425.0
2920,425.0
328,425.0
10668,425.0
2911,425.0
5039,425.0
7590,425.0
5757,425.0
9697,425.0
3859,425.0
11365,425.0
1984,425.0
6033,425.0
10816,425.0
11981,425.0
7883,425.0
6166,425.0
7769,425.0
8087,425.0
5504,425.0
11853,425.0
7768,425.0
9232,425.0
9695,425.0
7477,425.0
12232,425.0
6795,425.0
5624,425.0
3600,425.0
11199,425.0
3681,425.0
169,425.0
9531,425.0
1329,425.0
2237,425.0
1079,425.0
8500,425.0
456,425.0
8010,425.0
9407,425.0
9538,425.0
3015,425.0
2583,425.0
10125,425.0
11959,425.0
4878,425.0
10070,425.0
7151,425.0
736,425.0
12765,425.0
3480,425.0
1800,425.0
3602,425.0
8279,425.0
12788,425.0
3572,425.0
2925,425.0
2620,425.0
1924,425.0
12650,425.0
11699,425.0
4297,425.0
12435,425.0
4092,425.0
400,425.0
4801,425.0
11378,425.0
8328,425.0
7808,425.0
13578,425.0
13020,425.0
6346,425.0
3014,425.0
8117,425.0
7525,425.0
13577,425.0
11472,425.0
9461,425.0
11815,425.0
3345,425.0
12663,425.0
13302,425.0
291,425.0
8240,425.0
13184,425.0
7310,425.0
2819,425.0
3406,425.0
3543,425.0
8359,425.0
1689,425.0
11850,425.0
11018,425.0
6426,425.0
8280,425.0
7568,425.0
8539,425.0
3032,425.0
3596,425.0
7597,425.0
5730,425.0
13214,425.0
609,425.0
7751,425.0
12177,425.0
9623,425.0
13033,425.0
13331,425.0
6196,425.0
5480,425.0
1845,425.0
2770,425.0
8251,425.0
10862,425.0
1744,425.0
9367,425.0
6089,425.0
3618,425.0
10180,425.0
11445,425.0
13836,425.0
4100,425.0
8744,425.0
2068,425.0
13015,425.0
13960,425.0
13336,425.0
8456,425.0
1966,425.0
10748,425.0
11370,425.0
9658,425.0
8694,425.0
12832,425.0
10698,425.0
13473,425.0
2994,425.0
4169,425.0
10428,425.0
7920,425.0
12383,425.0
5072,425.0
10872,425.0
4463,425.0
5652,425.0
12837,425.0
12713,425.0
10292,425.0
11431,425.0
1963,425.0
1770,425.0
11403,425.0
3996,425.0
7925,425.0
10045,425.0
1958,425.0
4818,425.0
11355,425.0
6076,425.0
8075,425.0
8871,425.0
4266,425.0
13205,425.0
12256,425.0
3647,425.0
11286,425.0
7454,425.0
10121,425.0
12063,425.0
8939,425.0
8643,425.0
733,425.0
796,425.0
1594,425.0
7429,425.0
9090,425.0
11220,425.0
5835,425.0
10035,425.0
411,425.0
2120,425.0
10640,425.0
6097,425.0
1922,425.0
2141,425.0
3856,425.0
9726,425.0
12157,425.0
8927,425.0
1490,425.0
9026,425.0
11508,425.0
7766,425.0
6866,425.0
8487,425.0
5251,425.0
3692,425.0
6552,425.0
904,425.0
12219,425.0
488,425.0
4163,425.0
14011,425.0
12246,425.0
8911,425.0
903,425.0
2013,425.0
4191,425.0
4862,425.0
5229,425.0
6105,425.0
10445,425.0
15,425.0
3593,425.0
7029,425.0
13066,425.0
10751,425.0
10466,425.0
7074,425.0
10672,425.0
9108,425.0
7915,425.0
13147,425.0
3223,425.0
13807,425.0
12173,425.0
6585,425.0
1517,425.0
4521,425.0
3208,425.0
2457,425.0
1359,425.0
7439,425.0
8792,425.0
7229,425.0
12797,425.0
6456,425.0
8077,425.0
2035,425.0
9523,425.0
1347,425.0
287,425.0
9591,425.0
3523,425.0
3209,425.0
8424,425.0
8463,425.0
3479,425.0
1108,425.0
3705,425.0
2361,425.0
4994,425.0
10307,425.0
2311,425.0
10194,425.0
7692,425.0
5764,425.0
1748,425.0
2632,425.0
7110,425.0
9882,425.0
2693,425.0
5640,425.0
13432,425.0
10257,425.0
10033,425.0
1581,425.0
9024,425.0
1663,425.0
9764,425.0
7641,425.0
8622,425.0
4906,425.0
354,425.0
6303,425.0
5999,425.0
10158,425.0
2958,425.0
3653,425.0
1796,425.0
12426,425.0
1607,425.0
2715,425.0
10401,425.0
2590,425.0
3380,425.0
9192,425.0
1990,425.0
11233,425.0
13631,425.0
8566,425.0
14058,425.0
12277,425.0
2110,425.0
4166,425.0
6553,425.0
4190,425.0
10711,425.0
1419,425.0
174,425.0
7609,425.0
1784,425.0
9775,425.0
7475,425.0
3679,425.0
7638,425.0
6576,425.0
4510,425.0
10141,425.0
10236,425.0
100,425.0
7489,425.0
1698,425.0
6957,425.0
3777,425.0
6974,425.0
12804,425.0
1723,425.0
4503,425.0
8305,425.0
837,425.0
12656,425.0
8028,425.0
10547,425.0
6715,425.0
4046,425.0
1062,425.0
7628,425.0
7497,425.0
13167,425.0
5728,425.0
8743,425.0
11170,425.0
7502,425.0
11062,425.0
5207,425.0
9839,425.0
10889,425.0
3419,425.0
795,425.0
1535,425.0
1040,425.0
5002,425.0
10696,425.0
11125,425.0
8421,425.0
1618,425.0
6400,425.0
8483,425.0
9163,425.0
5036,425.0
8673,425.0
9229,425.0
5445,425.0
6910,425.0
281,425.0
1115,425.0
773,425.0
709,425.0
13288,425.0
10826,425.0
7317,425.0
12448,425.0
9162,425.0
11877,425.0
3704,425.0
10435,425.0
2875,425.0
5427,425.0
7823,425.0
7158,425.0
3446,425.0
12483,425.0
12967,425.0
978,425.0
4401,425.0
32,425.0
5340,425.0
1576,425.0
340,425.0
8779,425.0
11735,425.0
4368,425.0
6747,425.0
2086,425.0
11243,425.0
7554,425.0
6299,425.0
2496,425.0
3956,425.0
3939,425.0
11014,425.0
9631,425.0
3515,425.0
3342,425.0
469,425.0
12488,425.0
4465,425.0
11219,425.0
4342,425.0
7982,425.0
6302,425.0
2975,425.0
103,425.0
2202,425.0
3781,425.0
6462,425.0
2460,425.0
5217,425.0
3920,425.0
5372,425.0
8288,425.0
11709,425.0
2440,425.0
9103,425.0
8467,425.0
10494,425.0
6070,425.0
8766,425.0
5748,425.0
9244,425.0
8630,425.0
14047,425.0
8508,425.0
7259,425.0
12605,425.0
9945,425.0
9380,425.0
6202,425.0
3786,425.0
5660,425.0
9465,425.0
12190,425.0
3026,425.0
5913,425.0
10260,425.0
4639,425.0
9728,425.0
5141,425.0
11319,425.0
8551,425.0
5080,425.0
625,425.0
7137,425.0
5923,425.0
7255,425.0
12729,425.0
11108,425.0
9460,425.0
10535,425.0
6373,425.0
11851,425.0
10586,425.0
6344,425.0
10145,425.0
1769,425.0
6903,425.0
361,425.0
4605,425.0
13937,425.0
10086,425.0
182,425.0
3025,425.0
8560,425.0
748,425.0
2535,425.0
7969,425.0
4964,425.0
3822,425.0
4044,425.0
4353,425.0
3951,425.0
4065,425.0
12610,425.0
1890,425.0
4402,425.0
12208,425.0
2929,425.0
1112,425.0
6490,425.0
5847,425.0
6193,425.0
1563,425.0
7145,425.0
12933,425.0
11962,425.0
11555,425.0
12285,425.0
11515,425.0
10702,425.0
285,425.0
11725,425.0
13061,425.0
11201,425.0
2502,425.0
12251,425.0
1262,425.0
6235,425.0
10058,425.0
9774,425.0
7059,425.0
5965,425.0
10779,425.0
3300,425.0
1715,425.0
4751,425.0
9417,425.0
13150,425.0
10079,425.0
5174,425.0
12856,425.0
10664,425.0
8109,425.0
11056,425.0
11180,425.0
3144,425.0
5921,425.0
7277,425.0
8247,425.0
11942,425.0
12160,425.0
3001,425.0
10018,425.0
9820,425.0
13525,425.0
2118,425.0
2484,425.0
2910,425.0
5033,425.0
9258,425.0
11002,425.0
1494,425.0
2326,425.0
7865,425.0
2082,425.0
12487,425.0
3892,425.0
7513,425.0
7384,425.0
9397,425.0
12295,425.0
7860,425.0
7713,425.0
1531,425.0
13319,425.0
9640,425.0
4314,425.0
9582,425.0
10192,425.0
7646,425.0
10080,425.0
4694,425.0
2184,425.0
14020,425.0
8375,425.0
8654,425.0
7964,425.0
6148,425.0
9702,425.0
451,425.0
2936,425.0
12767,425.0
13158,425.0
9962,425.0
2520,425.0
13813,425.0
8746,425.0
5063,425.0
8118,425.0
1741,425.0
7031,425.0
2302,425.0
10666,425.0
2537,425.0
1612,425.0
9602,425.0
7904,425.0
11648,425.0
5264,425.0
3942,425.0
1476,425.0
2453,425.0
178,425.0
11497,425.0
13095,425.0
13750,425.0
12754,425.0
458,425.0
1011,425.0
6153,425.0
2479,425.0
3888,425.0
12833,425.0
64,425.0
3283,425.0
971,425.0
6378,425.0
9037,425.0
9097,425.0
13703,425.0
1248,425.0
6862,425.0
8181,425.0
7230,425.0
11184,425.0
2026,425.0
380,425.0
3317,425.0
8389,425.0
7799,425.0
10475,425.0
8238,425.0
4202,425.0
1023,425.0
8656,425.0
7307,425.0
1721,425.0
6555,425.0
11789,425.0
5124,425.0
6843,425.0
7718,425.0
6419,425.0
3571,425.0
10203,425.0
11287,425.0
12398,425.0
11865,425.0
9028,425.0
9,425.0
8728,425.0
5900,425.0
4192,425.0
5007,425.0
10369,425.0
4983,425.0
7055,425.0
9312,425.0
6441,425.0
9533,425.0
11915,425.0
8184,425.0
7637,425.0
5863,425.0
6626,425.0
9705,425.0
8795,425.0
1767,425.0
10359,425.0
7959,425.0
2821,425.0
2343,425.0
8558,425.0
10373,425.0
3644,425.0
7629,425.0
3185,425.0
3680,425.0
2747,425.0
4348,425.0
8409,425.0
7232,425.0
737,425.0
11312,425.0
7678,425.0
8731,425.0
3990,425.0
11059,425.0
3352,425.0
2313,425.0
3852,425.0
4960,425.0
9673,425.0
1054,425.0
8170,425.0
10370,425.0
3070,425.0
7301,425.0
8869,425.0
4430,425.0
3659,425.0
9021,425.0
9683,425.0
10994,425.0
1035,425.0
6244,425.0
9416,425.0
8319,425.0
5838,425.0
9186,425.0
12476,425.0
7309,425.0
10943,425.0
9717,425.0
5911,425.0
13037,425.0
10846,425.0
2705,425.0
12697,425.0
9242,425.0
2610,425.0
11587,425.0
8413,425.0
10639,425.0
6736,425.0
885,425.0
2070,425.0
2272,425.0
10006,425.0
11988,425.0
7827,425.0
5041,425.0
11710,425.0
10504,425.0
1965,425.0
10425,425.0
11893,425.0
2020,425.0
6330,425.0
11352,425.0
7073,425.0
5175,425.0
3997,425.0
9153,425.0
2228,425.0
587,425.0
9177,425.0
6500,425.0
5381,425.0
5291,425.0
9394,425.0
4016,425.0
10163,425.0
1740,425.0
4773,425.0
9564,425.0
8519,425.0
7488,425.0
12234,425.0
7869,425.0
7794,425.0
9932,425.0
2268,425.0
9067,425.0
12461,425.0
7667,425.0
10710,425.0
2678,425.0
5573,425.0
10207,425.0
8909,425.0
6724,425.0
1122,425.0
12085,425.0
928,425.0
11675,425.0
12362,425.0
4027,425.0
2955,425.0
812,425.0
1724,425.0
11080,425.0
5460,425.0
48,425.0
9487,425.0
2407,425.0
12895,425.0
10499,425.0
5934,425.0
4041,425.0
11713,425.0
11066,425.0
2088,425.0
10655,425.0
1254,425.0
2271,425.0
7077,425.0
10726,425.0
5889,425.0
9250,425.0
9849,425.0
9944,425.0
5370,425.0
5380,425.0
11359,425.0
386,425.0
4963,425.0
8628,425.0
6698,425.0
4030,425.0
3435,425.0
9279,425.0
3752,425.0
10219,425.0
8574,425.0
7146,425.0
6393,425.0
8127,425.0
1271,425.0
6952,425.0
8365,425.0
11342,425.0
750,425.0
10960,425.0
9510,425.0
13356,425.0
3207,425.0
3533,425.0
13948,425.0
5708,425.0
12477,425.0
8105,425.0
8982,425.0
3805,425.0
11974,425.0
10537,425.0
4349,425.0
7682,425.0
9387,425.0
10638,425.0
2767,425.0
9171,425.0
11529,425.0
9187,425.0
5933,425.0
14002,425.0
1454,425.0
12995,425.0
3609,425.0
1226,425.0
534,425.0
3112,425.0
13561,425.0
8742,425.0
9750,425.0
6129,425.0
9483,425.0
9054,425.0
8086,425.0
10112,425.0
10558,425.0
2215,425.0
4660,425.0
13980,425.0
1140,425.0
13659,425.0
8471,425.0
474,425.0
7665,425.0
4075,425.0
543,425.0
7579,425.0
1087,425.0
10847,425.0
3222,425.0
8404,425.0
4337,425.0
2665,425.0
7732,425.0
9612,425.0
8148,425.0
4113,425.0
8778,425.0
13524,425.0
1007,425.0
12511,425.0
13952,425.0
8891,425.0
1386,425.0
6533,425.0
4149,425.0
6804,425.0
11210,425.0
8274,425.0
7825,425.0
12267,425.0
13730,425.0
6351,425.0
11137,425.0
14066,425.0
7318,425.0
2190,425.0
13811,425.0
4247,425.0
12941,425.0
4516,425.0
8128,425.0
4606,425.0
3612,425.0
5982,425.0
1351,425.0
13487,425.0
13183,425.0
5529,425.0
13920,425.0
10882,425.0
5689,425.0
11470,425.0
11797,425.0
4507,425.0
1394,425.0
6741,425.0
389,425.0
3657,425.0
8664,425.0
13620,425.0
8020,425.0
1936,425.0
4665,425.0
4456,425.0
3782,425.0
6721,425.0
7820,425.0
305,425.0
8803,425.0
13746,425.0
12032,425.0
312,425.0
13334,425.0
13748,425.0
2146,425.0
3234,425.0
358,425.0
606,425.0
13035,425.0
6139,425.0
13847,425.0
13936,425.0
477,425.0
9441,425.0
13868,425.0
4748,425.0
4339,425.0
14060,425.0
3502,425.0
4897,425.0
6404,425.0
9555,425.0
7482,425.0
3998,425.0
10403,425.0
3945,425.0
8765,425.0
10039,425.0
3964,425.0
11807,425.0
9314,425.0
4920,425.0
5222,425.0
3194,425.0
7276,425.0
1745,425.0
1660,425.0
12548,425.0
994,425.0
6885,425.0
4642,425.0
11599,425.0
13563,425.0
6024,425.0
8516,425.0
7656,425.0
10128,425.0
11206,425.0
4105,425.0
8979,425.0
7707,425.0
249,425.0
8179,425.0
13450,425.0
12846,425.0
6238,425.0
697,425.0
4047,425.0
863,425.0
7268,425.0
10828,425.0
2178,425.0
6177,425.0
7989,425.0
1431,425.0
1321,425.0
9330,425.0
2443,425.0
11069,425.0
13039,425.0
519,425.0
3878,425.0
71,425.0
7069,425.0
10948,425.0
3624,425.0
6204,425.0
3434,425.0
12103,425.0
7262,425.0
4640,425.0
2663,425.0
7106,425.0
42,425.0
2656,425.0
2612,425.0
5804,425.0
6088,425.0
5147,425.0
13272,425.0
1352,425.0
2040,425.0
5565,425.0
7677,425.0
5383,425.0
2849,425.0
7208,425.0
1311,425.0
4107,425.0
10623,425.0
1483,425.0
1656,425.0
1945,425.0
13945,425.0
5884,425.0
13461,425.0
5260,425.0
5126,425.0
11724,425.0
12447,425.0
8969,425.0
1534,425.0
7626,425.0
11530,425.0
218,425.0
12371,425.0
3911,425.0
8798,425.0
3527,425.0
2629,425.0
7043,425.0
3670,425.0
12326,425.0
2596,425.0
6827,425.0
901,425.0
185,425.0
3017,425.0
11221,425.0
11791,425.0
12139,425.0
9620,425.0
11455,425.0
593,425.0
5702,425.0
12123,425.0
3903,425.0
539,425.0
12584,425.0
9878,425.0
14042,425.0
11076,425.0
11680,425.0
5554,425.0
5149,425.0
3773,425.0
395,425.0
6840,425.0
7008,425.0
8407,425.0
9415,425.0
7661,425.0
4338,425.0
2158,425.0
5197,425.0
5668,425.0
2426,425.0
9100,425.0
10008,425.0
8757,425.0
5351,425.0
6217,425.0
13684,425.0
2352,425.0
13875,425.0
8486,425.0
13534,425.0
4619,425.0
4901,425.0
10285,425.0
466,425.0
10888,425.0
114,425.0
4449,425.0
12948,425.0
4376,425.0
10246,425.0
10357,425.0
36,425.0
3661,425.0
12301,425.0
13157,425.0
4950,425.0
8720,425.0
2324,425.0
2857,425.0
13106,425.0
14017,425.0
869,425.0
8758,425.0
2345,425.0
3943,425.0
9344,425.0
5461,425.0
7771,425.0
7984,425.0
6347,425.0
11733,425.0
2949,425.0
3064,425.0
2055,425.0
9698,425.0
12011,425.0
13128,425.0
13908,425.0
6970,425.0
1373,425.0
2022,425.0
2367,425.0
6486,425.0
11837,425.0
5971,425.0
13604,425.0
12066,425.0
6511,425.0
9621,425.0
13592,425.0
11922,425.0
11931,425.0
11228,425.0
12156,425.0
10492,425.0
11860,425.0
5717,425.0
1624,425.0
10946,425.0
10331,425.0
7392,425.0
7368,425.0
10782,425.0
1702,425.0
4873,425.0
7285,425.0
2616,425.0
10910,425.0
6642,425.0
13782,425.0
1027,425.0
1684,425.0
9211,425.0
4707,425.0
10052,425.0
10602,425.0
9614,425.0
7673,425.0
8870,425.0
1003,425.0
9472,425.0
9231,425.0
13096,425.0
11657,425.0
8411,425.0
1218,425.0
4036,425.0
5647,425.0
8002,425.0
3211,425.0
168,425.0
4058,425.0
13442,425.0
7533,425.0
12252,425.0
8608,425.0
4696,425.0
6390,425.0
13777,425.0
4340,425.0
7796,425.0
2859,425.0
12119,425.0
8510,425.0
6651,425.0
2532,425.0
9845,425.0
4863,425.0
5404,425.0
3882,425.0
11282,425.0
3488,425.0
3387,425.0
3756,425.0
10262,425.0
2895,425.0
1200,425.0
11110,425.0
248,425.0
6128,425.0
4302,425.0
7900,425.0
5513,425.0
13881,425.0
512,425.0
2877,425.0
8741,425.0
6180,425.0
13269,425.0
13695,425.0
8910,425.0
1808,425.0
12661,425.0
10467,425.0
4129,425.0
8224,425.0
6655,425.0
4852,425.0
11168,425.0
136,425.0
432,425.0
4099,425.0
3669,425.0
13843,425.0
13882,425.0
2799,425.0
9841,425.0
4418,425.0
4966,425.0
8130,425.0
7592,425.0
4992,425.0
11256,425.0
6701,425.0
5225,425.0
5768,425.0
3577,425.0
3147,425.0
7203,425.0
9859,425.0
5285,425.0
8204,425.0
13049,425.0
5307,425.0
4094,425.0
5226,425.0
2456,425.0
13637,425.0
2860,425.0
1587,425.0
9105,425.0
7943,425.0
6593,425.0
6483,425.0
12778,425.0
938,425.0
2597,425.0
834,425.0
7022,425.0
6399,425.0
9082,425.0
873,425.0
12437,425.0
5407,425.0
9402,425.0
1176,425.0
10781,425.0
13000,425.0
4238,425.0
2677,425.0
5457,425.0
6114,425.0
1084,425.0
11636,425.0
1685,425.0
11844,425.0
4794,425.0
5932,425.0
412,425.0
1198,425.0
1484,425.0
13276,425.0
7448,425.0
1369,425.0
12196,425.0
7239,425.0
6631,425.0
721,425.0
6909,425.0
9144,425.0
1434,425.0
12253,425.0
9469,425.0
5791,425.0
4388,425.0
13017,425.0
2474,425.0
9856,425.0
12665,425.0
9364,425.0
2702,425.0
300,425.0
8426,425.0
10615,425.0
7380,425.0
4124,425.0
13825,425.0
10346,425.0
12848,425.0
1399,425.0
12604,425.0
3215,425.0
2418,425.0
5937,425.0
11409,425.0
6214,425.0
5382,425.0
13679,425.0
4309,425.0
1374,425.0
5247,425.0
1191,425.0
6434,425.0
10657,425.0
120,425.0
4609,425.0
9691,425.0
8078,425.0
5262,425.0
11806,425.0
11117,425.0
12859,425.0
10514,425.0
7600,425.0
9799,425.0
13153,425.0
658,425.0
124,425.0
7965,425.0
3335,425.0
9975,425.0
13294,425.0
13949,425.0
11571,425.0
11232,425.0
3450,425.0
10319,425.0
8026,425.0
1327,425.0
705,425.0
13505,425.0
9645,425.0
11413,425.0
12322,425.0
7691,425.0
10595,425.0
2168,425.0
151,425.0
9725,425.0
8652,425.0
3979,425.0
7061,425.0
8621,425.0
6823,425.0
6551,425.0
9895,425.0
4227,425.0
9114,425.0
12838,425.0
7325,425.0
12585,425.0
9393,425.0
4833,425.0
12241,425.0
1731,425.0
3835,425.0
5569,425.0
2513,425.0
9630,425.0
3308,425.0
10975,425.0
13054,425.0
1714,425.0
9316,425.0
2255,425.0
8049,425.0
2100,425.0
3022,425.0
2123,425.0
11336,425.0
6742,425.0
4636,425.0
9280,425.0
13815,425.0
8845,425.0
34,425.0
4683,425.0
13417,425.0
10389,425.0
3044,425.0
4851,425.0
13071,425.0
11967,425.0
4715,425.0
13728,425.0
926,425.0
7894,425.0
5118,425.0
909,425.0
9563,425.0
8425,425.0
8012,425.0
12360,425.0
10448,425.0
7587,425.0
9682,425.0
8262,425.0
6926,425.0
9977,425.0
8065,425.0
2472,425.0
5997,425.0
765,425.0
3947,425.0
9894,425.0
1086,425.0
7802,425.0
12335,425.0
7338,425.0
10965,425.0
10591,425.0
979,425.0
10273,425.0
11467,425.0
5845,425.0
2630,425.0
51,425.0
9146,425.0
7500,425.0
8881,425.0
4537,425.0
7200,425.0
9055,425.0
4330,425.0
8824,425.0
1409,425.0
4514,425.0
13539,425.0
9846,425.0
10418,425.0
6516,425.0
2901,425.0
2216,425.0
3106,425.0
10833,425.0
10009,425.0
3438,425.0
6254,425.0
5961,425.0
5613,425.0
6978,425.0
8830,425.0
5897,425.0
4106,425.0
7582,425.0
1600,425.0
397,425.0
6406,425.0
11466,425.0
5501,425.0
4396,425.0
12889,425.0
2639,425.0
11985,425.0
7319,425.0
13046,425.0
931,425.0
4739,425.0
8060,425.0
818,425.0
435,425.0
2803,425.0
1036,425.0
6127,425.0
7874,425.0
6791,425.0
201,425.0
6959,425.0
7854,425.0
12164,425.0
12397,425.0
8601,425.0
252,425.0
612,425.0
5712,425.0
1513,425.0
11917,425.0
9412,425.0
6287,425.0
5319,425.0
11216,425.0
2627,425.0
3449,425.0
3814,425.0
150,425.0
10173,425.0
3412,425.0
13676,425.0
8898,425.0
1749,425.0
2010,425.0
4112,425.0
8903,425.0
8835,425.0
1403,425.0
3560,425.0
8250,425.0
764,425.0
1912,425.0
12144,425.0
7604,425.0
7559,425.0
4692,425.0
9553,425.0
4811,425.0
2233,425.0
7765,425.0
4835,425.0
1651,425.0
9404,425.0
5715,425.0
4193,425.0
2096,425.0
6696,425.0
14104,425.0
9379,425.0
11690,425.0
12336,425.0
84,425.0
9707,425.0
4937,425.0
6195,425.0
8704,425.0
6537,425.0
12818,425.0
12473,425.0
12906,425.0
4527,425.0
2885,425.0
3205,425.0
430,425.0
8938,425.0
9941,425.0
7284,425.0
13666,425.0
4216,425.0
3509,425.0
3885,425.0
12467,425.0
3520,425.0
8846,425.0
9568,425.0
10932,425.0
294,425.0
2449,425.0
13375,425.0
10743,425.0
3195,425.0
8817,425.0
638,425.0
3703,425.0
654,425.0
2761,425.0
7443,425.0
12035,425.0
5338,425.0
14057,425.0
6428,425.0
3116,425.0
13113,425.0
6012,425.0
7754,425.0
13502,425.0
1954,425.0
12188,425.0
11155,425.0
480,425.0
3088,425.0
13410,425.0
7666,425.0
3579,425.0
104,425.0
14026,425.0
1158,425.0
5287,425.0
3564,425.0
1384,425.0
10929,425.0
3448,425.0
4415,425.0
9246,425.0
12566,425.0
9744,425.0
648,425.0
10719,425.0
13857,425.0
9713,425.0
8917,425.0
6308,425.0
1458,425.0
11028,425.0
10363,425.0
7882,425.0
7829,425.0
6951,425.0
12522,425.0
7464,425.0
5364,425.0
11456,425.0
5412,425.0
5362,425.0
9222,425.0
11884,425.0
544,425.0
4097,425.0
6558,425.0
3887,425.0
4784,425.0
5108,425.0
9545,425.0
13942,425.0
6851,425.0
5313,425.0
11165,425.0
2134,425.0
10001,425.0
4421,425.0
742,425.0
12427,425.0
10863,425.0
16,425.0
9956,425.0
7855,425.0
5938,425.0
7594,425.0
9747,425.0
4650,425.0
11390,425.0
13931,425.0
2797,425.0
9339,425.0
3725,425.0
4641,425.0
9261,425.0
715,425.0
12034,425.0
9699,425.0
2526,425.0
5077,425.0
10611,425.0
3315,425.0
3373,425.0
10911,425.0
2865,425.0
2488,425.0
4246,425.0
8963,425.0
4451,425.0
840,425.0
2699,425.0
11896,425.0
10185,425.0
8737,425.0
4128,425.0
6932,425.0
3699,425.0
2471,425.0
2772,425.0
7458,425.0
12142,425.0
745,425.0
9354,425.0
5515,425.0
933,425.0
1143,425.0
11796,425.0
6880,425.0
12265,425.0
6888,425.0
2486,425.0
7052,425.0
6074,425.0
13716,425.0
8966,425.0
4150,425.0
8511,425.0
8642,425.0
10131,425.0
4520,425.0
6282,425.0
13047,425.0
11575,425.0
531,425.0
9724,425.0
5850,425.0
7601,425.0
9414,425.0
12688,425.0
7485,425.0
7182,425.0
9515,425.0
4973,425.0
9897,425.0
5904,425.0
8370,425.0
5441,425.0
12455,425.0
6670,425.0
13835,425.0
7723,425.0
8061,425.0
2555,425.0
4116,425.0
1298,425.0
6459,425.0
13930,425.0
2185,425.0
2129,425.0
7657,425.0
10991,425.0
896,425.0
7937,425.0
2985,425.0
11809,425.0
13826,425.0
829,425.0
8374,425.0
5484,425.0
1227,425.0
6212,425.0
7308,425.0
7444,425.0
6149,425.0
6811,425.0
10670,425.0
3823,425.0
13508,425.0
4732,425.0
536,425.0
2914,425.0
4103,425.0
6992,425.0
9911,425.0
4563,425.0
7615,425.0
8693,425.0
12868,425.0
9624,425.0
9925,425.0
8207,425.0
3636,425.0
1179,425.0
9413,425.0
9812,425.0
6085,425.0
6995,425.0
6261,425.0
10187,425.0
2679,425.0
12930,425.0
11823,425.0
1044,425.0
6826,425.0
10216,425.0
3372,425.0
374,425.0
11351,425.0
7316,425.0
10984,425.0
8964,425.0
13492,425.0
2151,425.0
3462,425.0
9835,425.0
5858,425.0
3129,425.0
8639,425.0
6608,425.0
1492,425.0
11932,425.0
12858,425.0
9007,425.0
20,425.0
8234,425.0
7748,425.0
5682,425.0
3252,425.0
4437,425.0
12165,425.0
4615,425.0
7521,425.0
12904,425.0
186,425.0
13934,425.0
3296,425.0
2391,425.0
8769,425.0
8405,425.0
8401,425.0
10727,425.0
5157,425.0
10497,425.0
2358,425.0
5564,425.0
9076,425.0
2992,425.0
7785,425.0
11242,425.0
4194,425.0
1985,425.0
1471,425.0
5822,425.0
5949,425.0
12006,425.0
11033,425.0
8872,425.0
12998,425.0
2716,425.0
5538,425.0
11070,425.0
4829,425.0
10036,425.0
10330,425.0
10723,425.0
11122,425.0
13466,425.0
8482,425.0
14050,425.0
8132,425.0
1237,425.0
5325,425.0
8050,425.0
8084,425.0
4203,425.0
2320,425.0
677,425.0
3291,425.0
5166,425.0
4741,425.0
8145,425.0
922,425.0
12474,425.0
1183,425.0
13560,425.0
12816,425.0
3018,425.0
222,425.0
559,425.0
1328,425.0
9980,425.0
4404,425.0
3108,425.0
9451,425.0
13905,425.0
10708,425.0
2021,425.0
10421,425.0
7518,425.0
11899,425.0
13048,425.0
334,425.0
6206,425.0
12069,425.0
6209,425.0
5959,425.0
851,425.0
5720,425.0
2792,425.0
12122,425.0
4085,425.0
8629,425.0
2335,425.0
4490,425.0
9352,425.0
10775,425.0
11755,425.0
10437,425.0
1666,425.0
12061,425.0
8072,425.0
3547,425.0
3976,425.0
9643,425.0
9736,425.0
13731,425.0
725,425.0
12446,425.0
8615,425.0
4399,425.0
12750,425.0
13981,425.0
12408,425.0
10789,425.0
8659,425.0
3839,425.0
4296,425.0
3821,425.0
448,425.0
7809,425.0
1792,425.0
9069,425.0
6158,425.0
9598,425.0
4326,425.0
3170,425.0
10807,425.0
7250,425.0
7992,425.0
10503,425.0
4979,425.0
945,425.0
8721,425.0
10293,425.0
1548,425.0
684,425.0
3985,425.0
10722,425.0
7094,425.0
876,425.0
6998,425.0
8529,425.0
9967,425.0
8168,425.0
12472,425.0
1316,425.0
1881,425.0
11051,425.0
2003,425.0
7709,425.0
4951,425.0
6887,425.0
3430,425.0
9086,425.0
915,425.0
8286,425.0
10646,425.0
4686,425.0
10780,425.0
3099,425.0
3652,425.0
7913,425.0
7135,425.0
8063,425.0
7075,425.0
13714,425.0
4787,425.0
9968,425.0
10392,425.0
5246,425.0
13228,425.0
1627,425.0
12414,425.0
2586,425.0
2413,425.0
1238,425.0
9934,425.0
6735,425.0
102,425.0
2681,425.0
1622,425.0
3426,425.0
12284,425.0
3860,425.0
8166,425.0
10906,425.0
1356,425.0
980,425.0
9748,425.0
5684,425.0
12752,425.0
14027,425.0
3818,425.0
1489,425.0
13907,425.0
1098,425.0
4171,425.0
1019,425.0
1154,425.0
908,425.0
12696,425.0
7306,425.0
1706,425.0
1324,425.0
12359,425.0
12587,425.0
4756,425.0
5968,425.0
8564,425.0
4095,425.0
8036,425.0
7560,425.0
4126,425.0
8108,425.0
8032,425.0
10364,425.0
7093,425.0
9034,425.0
11553,425.0
4131,425.0
13477,425.0
13734,425.0
1509,425.0
11829,425.0
8714,425.0
10649,425.0
5435,425.0
4239,425.0
1603,425.0
322,425.0
8125,425.0
5666,425.0
4802,425.0
12643,425.0
8700,425.0
6704,425.0
10010,425.0
5422,425.0
4693,425.0
11238,425.0
5749,425.0
264,425.0
14091,425.0
3464,425.0
9376,425.0
7221,425.0
12365,425.0
3470,425.0
13115,425.0
5991,425.0
13484,425.0
4455,425.0
11111,425.0
5272,425.0
10773,425.0
13850,425.0
9241,425.0
9809,425.0
13768,425.0
9196,425.0
9594,425.0
6358,425.0
13191,425.0
8293,425.0
8522,425.0
7564,425.0
2445,425.0
8944,425.0
3329,425.0
7891,425.0
11053,425.0
12564,425.0
3423,425.0
11174,425.0
7747,425.0
7342,425.0
6884,425.0
968,425.0
1946,425.0
4915,425.0
3289,425.0
96,425.0
10651,425.0
5665,425.0
8369,425.0
220,425.0
3132,425.0
60,425.0
13197,425.0
9432,425.0
12518,425.0
10485,425.0
6190,425.0
462,425.0
4769,425.0
3795,425.0
11492,425.0
5596,425.0
8115,425.0
10326,425.0
9474,425.0
6968,425.0
399,425.0
13583,425.0
12458,425.0
6106,425.0
4722,425.0
11660,425.0
10581,425.0
13979,425.0
2309,425.0
9965,425.0
10060,425.0
6632,425.0
331,425.0
1787,425.0
813,425.0
1979,425.0
11321,425.0
614,425.0
1283,425.0
8290,425.0
9005,425.0
2615,425.0
8258,425.0
3799,425.0
11804,425.0
6753,425.0
13743,425.0
10456,425.0
13181,425.0
2406,425.0
10577,425.0
3910,425.0
3707,425.0
7050,425.0
2030,425.0
13186,425.0
6334,425.0
6878,425.0
10105,425.0
6868,425.0
9782,425.0
6936,425.0
8399,425.0
6562,425.0
5035,425.0
9210,425.0
9537,425.0
6577,425.0
2752,425.0
8542,425.0
3801,425.0
3060,425.0
11663,425.0
7460,425.0
1732,425.0
3541,425.0
12205,425.0
8992,425.0
1167,425.0
1452,425.0
7589,425.0
4251,425.0
9781,425.0
3080,425.0
13163,425.0
1944,425.0
3121,425.0
5509,425.0
13509,425.0
1348,425.0
7585,425.0
6661,425.0
9629,425.0
1209,425.0
4922,425.0
425,425.0
555,425.0
1955,425.0
9298,425.0
8710,425.0
8937,425.0
4717,425.0
8362,425.0
11073,425.0
13792,425.0
5478,425.0
12233,425.0
5454,425.0
13373,425.0
10243,425.0
6949,425.0
6453,425.0
574,425.0
9628,425.0
13790,425.0
3091,425.0
5744,425.0
11634,425.0
2421,425.0
7792,425.0
69,425.0
2349,425.0
2376,425.0
8813,425.0
2617,425.0
12888,425.0
1596,425.0
4903,425.0
7653,425.0
10242,425.0
12701,425.0
7249,425.0
246,425.0
3071,425.0
3016,425.0
2900,425.0
4004,425.0
4919,425.0
13189,425.0
674,425.0
4731,425.0
4871,425.0
5020,425.0
9259,425.0
3861,425.0
13690,425.0
8918,425.0
13865,425.0
2478,425.0
3949,425.0
8493,425.0
8525,425.0
5951,425.0
2037,425.0
11188,425.0
12953,425.0
10451,425.0
13374,425.0
1428,425.0
2808,425.0
8484,425.0
6671,425.0
4949,425.0
1414,425.0
115,425.0
13574,425.0
13537,425.0
231,425.0
9738,425.0
10597,425.0
4157,425.0
1521,425.0
8455,425.0
215,425.0
5610,425.0
9350,425.0
3257,425.0
9194,425.0
6437,425.0
2183,425.0
4329,425.0
13662,425.0
2806,425.0
5643,425.0
8858,425.0
2969,425.0
8541,425.0
6197,425.0
6084,425.0
6828,425.0
8116,425.0
13076,425.0
9635,425.0
9226,425.0
1499,425.0
5849,425.0
8954,425.0
3493,425.0
3442,425.0
7039,425.0
12538,425.0
2056,425.0
10778,425.0
2059,425.0
13753,425.0
10165,425.0
12966,425.0
13888,425.0
3693,425.0
8879,425.0
12614,425.0
8702,425.0
484,425.0
6293,425.0
6216,425.0
4408,425.0
7736,425.0
8747,425.0
11423,425.0
8573,425.0
4210,425.0
13437,425.0
3475,425.0
5690,425.0
3188,425.0
5268,425.0
6111,425.0
12766,425.0
6578,425.0
4718,425.0
9936,425.0
11799,425.0
4360,425.0
1415,425.0
500,425.0
669,425.0
7725,425.0
12415,425.0
12106,425.0
3489,425.0
304,425.0
5837,425.0
1704,425.0
5023,425.0
5823,425.0
11687,425.0
7114,425.0
8532,425.0
10891,425.0
8524,425.0
5279,425.0
11782,425.0
5129,425.0
4603,425.0
13118,425.0
12901,425.0
5196,425.0
10299,425.0
9486,425.0
2454,425.0
8777,425.0
1069,425.0
13542,425.0
10913,425.0
9267,425.0
554,425.0
4352,425.0
13159,425.0
13369,425.0
6163,425.0
6001,425.0
13330,425.0
7234,425.0
13538,425.0
12286,425.0
12364,425.0
9271,425.0
13040,425.0
421,425.0
13916,425.0
9559,425.0
13786,425.0
1497,425.0
1048,425.0
10941,425.0
8216,425.0
857,425.0
10267,425.0
3483,425.0
13533,425.0
10491,425.0
9919,425.0
10624,425.0
4955,425.0
6867,425.0
5853,425.0
10171,425.0
821,425.0
1644,425.0
12099,425.0
4217,425.0
108,425.0
368,425.0
8442,425.0
8138,425.0
730,425.0
8268,425.0
11602,425.0
5598,425.0
7503,425.0
2389,425.0
5227,425.0
10432,425.0
7753,425.0
7066,425.0
9905,425.0
511,425.0
701,425.0
13738,425.0
10484,425.0
10644,425.0
1278,425.0
3734,425.0
4817,425.0
40,425.0
1892,425.0
8763,425.0
4257,425.0
13562,425.0
3316,425.0
2508,425.0
13644,425.0
7599,425.0
1304,425.0
3102,425.0
13009,425.0
347,425.0
7378,425.0
11903,425.0
475,425.0
12853,425.0
5872,425.0
12407,425.0
4448,425.0
10042,425.0
323,425.0
4661,425.0
12910,425.0
7640,425.0
13229,425.0
2817,425.0
4366,425.0
972,425.0
13321,425.0
3405,425.0
11661,425.0
8485,425.0
11655,425.0
12551,425.0
6062,425.0
1202,425.0
7269,425.0
9958,425.0
37,425.0
8953,425.0
12851,425.0
13732,425.0
5909,425.0
9571,425.0
4561,425.0
5710,425.0
4101,425.0
12100,425.0
11520,425.0
1289,425.0
13707,425.0
2401,425.0
13649,425.0
6000,425.0
12497,425.0
1747,425.0
11234,425.0
3853,425.0
4076,425.0
5887,425.0
12671,425.0
9307,425.0
11217,425.0
13268,425.0
7335,425.0
6331,425.0
211,425.0
1951,425.0
11191,425.0
652,425.0
2207,425.0
1397,425.0
9797,425.0
4815,425.0
13901,425.0
1671,425.0
2321,425.0
1953,425.0
3367,425.0
6622,425.0
13741,425.0
10024,425.0
9122,425.0
12819,425.0
9547,425.0
485,425.0
3379,425.0
899,425.0
1733,425.0
8444,425.0
11050,425.0
7389,425.0
10130,425.0
12079,425.0
1251,425.0
13108,425.0
2436,425.0
4405,425.0
14025,425.0
11290,425.0
12502,425.0
4020,425.0
2304,425.0
5703,425.0
583,425.0
9405,425.0
719,425.0
5459,425.0
9773,425.0
763,425.0
5170,425.0
1871,425.0
11832,425.0
5405,425.0
7196,425.0
739,425.0
10945,425.0
10356,425.0
4130,425.0
13341,425.0
9793,425.0
7062,425.0
10240,425.0
5437,425.0
12525,425.0
9491,425.0
751,425.0
13854,425.0
7220,425.0
6863,425.0
1840,425.0
4795,425.0
1276,425.0
2993,425.0
12224,425.0
7243,425.0
3046,425.0
4886,425.0
8058,425.0
2265,425.0
6921,425.0
11545,425.0
12993,425.0
8818,425.0
12332,425.0
1370,425.0
741,425.0
3066,425.0
11631,425.0
1189,425.0
13082,425.0
5169,425.0
1571,425.0
8862,425.0
10686,425.0
2528,425.0
2128,425.0
11169,425.0
6126,425.0
12623,425.0
1982,425.0
11407,425.0
7607,425.0
7880,425.0
13445,425.0
2058,425.0
9310,425.0
8263,425.0
5770,425.0
11015,425.0
4591,425.0
10893,425.0
2880,425.0
13898,425.0
2754,425.0
8723,425.0
2989,425.0
4375,425.0
4093,425.0
13151,425.0
7299,425.0
4220,425.0
563,425.0
8001,425.0
11500,425.0
641,425.0
1670,425.0
12593,425.0
2408,425.0
11824,425.0
7174,425.0
8789,425.0
7632,425.0
3722,425.0
9363,425.0
13067,425.0
6652,425.0
10106,425.0
4557,425.0
9382,425.0
5829,425.0
181,425.0
8613,425.0
6756,425.0
2219,425.0
10419,425.0
1956,425.0
1058,425.0
12586,425.0
13206,425.0
1400,425.0
13349,425.0
4948,425.0
9910,425.0
5563,425.0
7387,425.0
4300,425.0
10620,425.0
11086,425.0
1211,425.0
11278,425.0
3394,425.0
2239,425.0
13976,425.0
10115,425.0
7225,425.0
12997,425.0
9050,425.0
4185,425.0
9759,425.0
6792,425.0
11366,425.0
11971,425.0
4702,425.0
5891,425.0
1435,425.0
14088,425.0
93,425.0
7966,425.0
7079,425.0
3117,425.0
10347,425.0
5774,425.0
12520,425.0
5533,425.0
2778,425.0
12442,425.0
13348,425.0
13833,425.0
3486,425.0
11343,425.0
13632,425.0
12129,425.0
3468,425.0
1085,425.0
13479,425.0
429,425.0
4458,425.0
5432,425.0
4270,425.0
9044,425.0
3648,425.0
10714,425.0
7551,425.0
409,425.0
11461,425.0
1609,425.0
5156,425.0
6384,425.0
4904,425.0
4221,425.0
4316,425.0
12810,425.0
2755,425.0
10688,425.0
950,425.0
12680,425.0
10938,425.0
8489,425.0
11317,425.0
9442,425.0
11738,425.0
5910,425.0
11758,425.0
6342,425.0
8385,425.0
1692,425.0
9587,425.0
1422,425.0
5560,425.0
9218,425.0
820,425.0
9876,425.0
4872,425.0
3456,425.0
14085,425.0
10557,425.0
11274,425.0
13935,425.0
4063,425.0
1286,425.0
11031,425.0
2928,425.0
11911,425.0
13240,425.0
1092,425.0
4304,425.0
74,425.0
12724,425.0
11291,425.0
10564,425.0
5986,425.0
5776,425.0
292,425.0
13498,425.0
5047,425.0
10745,425.0
5100,425.0
2090,425.0
6401,425.0
1802,425.0
12929,425.0
3972,425.0
3695,425.0
4668,425.0
319,425.0
13312,425.0
5221,425.0
13170,425.0
4343,425.0
1826,425.0
10507,425.0
7912,425.0
145,425.0
12124,425.0
12191,425.0
6907,425.0
11892,425.0
11488,425.0
9805,425.0
11113,425.0
10766,425.0
1831,425.0
3981,425.0
86,425.0
8901,425.0
1220,425.0
13391,425.0
4505,425.0
2866,425.0
2997,425.0
4070,425.0
11118,425.0
11574,425.0
595,425.0
5184,425.0
10408,425.0
10953,425.0
11913,425.0
8076,425.0
13683,425.0
13224,425.0
5329,425.0
62,425.0
6956,425.0
6602,425.0
4581,425.0
11536,425.0
7478,425.0
11167,425.0
11656,425.0
9203,425.0
10885,425.0
13998,425.0
10019,425.0
5206,425.0
12404,425.0
959,425.0
4839,425.0
1514,425.0
2291,425.0
4218,425.0
5310,425.0
1480,425.0
7655,425.0
13401,425.0
6339,425.0
4672,425.0
10439,425.0
2956,425.0
7143,425.0
9685,425.0
2981,425.0
4334,425.0
9003,425.0
13940,425.0
11196,425.0
10255,425.0
11888,425.0
6662,425.0
12743,425.0
11101,425.0
128,425.0
10732,425.0
5107,425.0
10616,425.0
3356,425.0
12107,425.0
6799,425.0
4232,425.0
12484,425.0
7108,425.0
6271,425.0
9351,425.0
6150,425.0
276,425.0
9610,425.0
13764,425.0
1273,425.0
12292,425.0
8441,425.0
13819,425.0
7092,425.0
1898,425.0
12657,425.0
5426,425.0
7086,425.0
6073,425.0
13851,425.0
6857,425.0
11040,425.0
12698,425.0
2827,425.0
716,425.0
12639,425.0
4601,425.0
1119,425.0
3709,425.0
3059,425.0
9403,425.0
12556,425.0
4460,425.0
2317,425.0
5235,425.0
12402,425.0
11901,425.0
6922,425.0
10904,425.0
11909,425.0
8676,425.0
11346,425.0
11020,425.0
12703,425.0
3012,425.0
8315,425.0
7459,425.0
9989,425.0
9309,425.0
1865,425.0
8396,425.0
2996,425.0
12041,425.0
6474,425.0
12634,425.0
13575,425.0
734,425.0
13932,425.0
9293,425.0
2458,425.0
7531,425.0
9113,425.0
11563,425.0
12194,425.0
5750,425.0
12968,425.0
3551,425.0
9471,425.0
3711,425.0
7034,425.0
4119,425.0
7603,425.0
5834,425.0
4025,425.0
14064,425.0
4926,425.0
6336,425.0
9000,425.0
9463,425.0
4356,425.0
12780,425.0
13320,425.0
3510,425.0
6876,425.0
4078,425.0
11635,425.0
12154,425.0
5793,425.0
7304,425.0
12161,425.0
10724,425.0
1794,425.0
1693,425.0
4258,425.0
13204,425.0
6619,425.0
494,425.0
13709,425.0
158,425.0
9949,425.0
12338,425.0
6278,425.0
6385,425.0
12607,425.0
10997,425.0
2288,425.0
6729,425.0
3845,425.0
966,425.0
13736,425.0
11025,425.0
2253,425.0
8194,425.0
2579,425.0
439,425.0
3323,425.0
8222,425.0
1615,425.0
5654,425.0
3685,425.0
3753,425.0
12193,425.0
12185,425.0
13421,425.0
468,425.0
6873,425.0
757,425.0
10968,425.0
4623,425.0
2689,425.0
1091,425.0
12276,425.0
10241,425.0
11271,425.0
11625,425.0
7140,425.0
1375,425.0
5273,425.0
1863,425.0
8980,425.0
5130,425.0
3729,425.0
11585,425.0
12320,425.0
12702,425.0
1879,425.0
13639,425.0
13443,425.0
8960,425.0
1120,425.0
4485,425.0
12151,425.0
3955,425.0
12732,425.0
5548,425.0
11255,425.0
10510,425.0
13279,425.0
10802,425.0
12597,425.0
3077,425.0
1433,425.0
11558,425.0
10224,425.0
5358,425.0
5475,425.0
2175,425.0
3718,425.0
2103,425.0
4148,425.0
13514,425.0
2657,425.0
9234,425.0
1935,425.0
9248,425.0
2953,425.0
10073,425.0
5816,425.0
7853,425.0
6502,425.0
9384,425.0
10063,425.0
10987,425.0
759,425.0
9574,425.0
830,425.0
3932,425.0
7329,425.0
5810,425.0
5924,425.0
12294,425.0
2448,425.0
11038,425.0
9237,425.0
11607,425.0
8661,425.0
5557,425.0
10276,425.0
5590,425.0
11200,425.0
11157,425.0
4195,425.0
6007,425.0
11551,425.0
1460,425.0
6787,425.0
7541,425.0
6913,425.0
13622,425.0
7334,425.0
7260,425.0
3078,425.0
11397,425.0
6914,425.0
2674,425.0
135,425.0
7801,425.0
13953,425.0
13211,425.0
2930,425.0
9704,425.0
3890,425.0
800,425.0
7933,425.0
8129,425.0
8905,425.0
428,425.0
11205,425.0
5373,425.0
7508,425.0
12599,425.0
7699,425.0
12619,425.0
5903,425.0
1256,425.0
3276,425.0
6077,425.0
8627,425.0
4882,425.0
5419,425.0
11296,425.0
2319,425.0
9920,425.0
5153,425.0
8974,425.0
3038,425.0
4830,425.0
9648,425.0
9181,425.0
4827,425.0
10821,425.0
8583,425.0
11966,425.0
6946,425.0
11469,425.0
3306,425.0
382,425.0
9743,425.0
3528,425.0
2789,425.0
13754,425.0
1,425.0
6597,425.0
3061,425.0
4961,425.0
7733,425.0
3313,425.0
11900,425.0
13282,425.0
10244,425.0
7021,425.0
5406,425.0
5258,425.0
7977,425.0
9027,425.0
8726,425.0
13011,425.0
2019,425.0
6386,425.0
13696,425.0
4954,425.0
6322,425.0
11141,425.0
7745,425.0
5051,425.0
12617,425.0
6376,425.0
9282,425.0
5503,425.0
13097,425.0
10147,425.0
4666,425.0
7400,425.0
3155,425.0
5614,425.0
217,425.0
5220,425.0
4630,425.0
7896,425.0
8537,425.0
3922,425.0
867,425.0
11666,425.0
44,425.0
18,425.0
12374,425.0
8584,425.0
1884,425.0
3706,425.0
10155,425.0
3708,425.0
12938,425.0
5146,425.0
8962,425.0
7887,425.0
11928,425.0
8481,425.0
3326,425.0
12725,425.0
9617,425.0
10977,425.0
5848,425.0
13112,425.0
11185,425.0
7954,425.0
13125,425.0
5844,425.0
260,425.0
9734,425.0
444,425.0
8655,425.0
6965,425.0
9485,425.0
533,425.0
6919,425.0
11611,425.0
10382,425.0
11361,425.0
13656,425.0
12004,425.0
12946,425.0
431,425.0
5679,425.0
4439,425.0
2329,425.0
9729,425.0
8825,425.0
578,425.0
13111,425.0
7045,425.0
8178,425.0
5187,425.0
8067,425.0
13608,425.0
1699,425.0
762,425.0
12254,425.0
797,425.0
4752,425.0
9971,425.0
7504,425.0
6174,425.0
4383,425.0
12994,425.0
11772,425.0
11565,425.0
2547,425.0
1942,425.0
4082,425.0
14059,425.0
6557,425.0
6326,425.0
5438,425.0
3069,425.0
10291,425.0
5839,425.0
14028,425.0
7866,425.0
8760,425.0
10676,425.0
592,425.0
4788,425.0
9252,425.0
3298,425.0
1042,425.0
6904,425.0
9020,425.0
2518,425.0
2222,425.0
7780,425.0
9256,425.0
10096,425.0
6301,425.0
6504,425.0
12531,425.0
9212,425.0
9396,425.0
961,425.0
3590,425.0
6087,425.0
11433,425.0
3774,425.0
884,425.0
4547,425.0
8299,425.0
10385,425.0
9346,425.0
4685,425.0
7526,425.0
6780,425.0
8815,425.0
11414,425.0
1836,425.0
6930,425.0
7361,425.0
3785,425.0
8371,425.0
12957,425.0
2451,425.0
12297,425.0
7437,425.0
11288,425.0
5716,425.0
7173,425.0
12210,425.0
6943,425.0
13394,425.0
1161,425.0
14105,425.0
8977,425.0
12400,425.0
11309,425.0
6211,425.0
2155,425.0
1459,425.0
1207,425.0
8345,425.0
11142,425.0
2743,425.0
8732,425.0
5045,425.0
12550,425.0
10565,425.0
13870,425.0
7895,425.0
4786,425.0
6168,425.0
1148,425.0
7071,425.0
13590,425.0
8414,425.0
3290,425.0
9480,425.0
12072,425.0
7800,425.0
1887,425.0
624,425.0
6519,425.0
1340,425.0
13947,425.0
8840,425.0
3324,425.0
4245,425.0
3081,425.0
12749,425.0
10733,425.0
1502,425.0
11975,425.0
3425,425.0
6785,425.0
3496,425.0
4090,425.0
10411,425.0
13725,425.0
13359,425.0
7975,425.0
6348,425.0
8367,425.0
11593,425.0
7175,425.0
6320,425.0
9239,425.0
11941,425.0
10877,425.0
8427,425.0
8162,425.0
11335,425.0
10157,425.0
11213,425.0
12740,425.0
6183,425.0
8611,425.0
3039,425.0
8243,425.0
8397,425.0
4476,425.0
5398,425.0
1473,425.0
13569,425.0
10412,425.0
9318,425.0
5713,425.0
3370,425.0
850,425.0
4864,425.0
3388,425.0
6979,425.0
8984,425.0
10167,425.0
2211,425.0
3563,425.0
579,425.0
11203,425.0
1512,425.0
6648,425.0
12647,425.0
3376,425.0
11677,425.0
11116,425.0
415,425.0
7302,425.0
11784,425.0
6179,425.0
5016,425.0
427,425.0
11294,425.0
622,425.0
2095,425.0
11039,425.0
8956,425.0
6818,425.0
2381,425.0
7542,425.0
2341,425.0
4534,425.0
266,425.0
6102,425.0
9951,425.0
8833,425.0
10978,425.0
11728,425.0
5332,425.0
5814,425.0
14031,425.0
6700,425.0
5618,425.0
10150,425.0
8024,425.0
12440,425.0
2089,425.0
13605,425.0
2143,425.0
4631,425.0
10400,425.0
4478,425.0
1083,425.0
1672,425.0
3422,425.0
3746,425.0
12527,425.0
3843,425.0
12956,425.0
10844,425.0
1504,425.0
9675,425.0
1972,425.0
5181,425.0
2609,425.0
8210,425.0
12590,425.0
8325,425.0
317,425.0
3747,425.0
695,425.0
13566,425.0
11987,425.0
6852,425.0
3586,425.0
6663,425.0
11978,425.0
2967,425.0
4644,425.0
12021,425.0
11559,425.0
7279,425.0
3095,425.0
2883,425.0
12885,425.0
3269,425.0
5350,425.0
12167,425.0
10539,425.0
13799,425.0
3245,425.0
11399,425.0
7040,425.0
3101,425.0
7683,425.0
9016,425.0
11748,425.0
11259,425.0
1464,425.0
3838,425.0
8577,425.0
377,425.0
9718,425.0
10718,425.0
2217,425.0
6730,425.0
12281,425.0
13399,425.0
8226,425.0
11867,425.0
9607,425.0
3820,425.0
12874,425.0
10372,425.0
5532,425.0
12637,425.0
4140,425.0
3232,425.0
2393,425.0
9388,425.0
10939,425.0
2485,425.0
8388,425.0
12907,425.0
8218,425.0
8048,425.0
2047,425.0
5894,425.0
1255,425.0
953,425.0
8912,425.0
11087,425.0
12682,425.0
5091,425.0
3167,425.0
2933,425.0
7803,425.0
3410,425.0
9576,425.0
1719,425.0
10796,425.0
10022,425.0
8296,425.0
13307,425.0
12532,425.0
10892,425.0
11284,425.0
6744,425.0
6596,425.0
5376,425.0
6014,425.0
13817,425.0
2565,425.0
10621,425.0
7417,425.0
10896,425.0
1537,425.0
1057,425.0
1147,425.0
10763,425.0
1938,425.0
6178,425.0
1032,425.0
9439,425.0
8381,425.0
9940,425.0
10861,425.0
11992,425.0
6546,425.0
7862,425.0
7339,425.0
2544,425.0
97,425.0
12712,425.0
13597,425.0
2475,425.0
2685,425.0
2523,425.0
2628,425.0
